<?xml version="1.0" encoding="utf-8"?>
<?xml-stylesheet version="1.0" href="../../stylesheets/source2html.xsl" type="text/xsl"?>
<sourceDataSet xmlns="http://lca.jrc.it/ILCD/Source" xmlns:common="http://lca.jrc.it/ILCD/Common" xmlns:xsi="http://www.w3.org/2001/XMLSchema-instance"
  xsi:schemaLocation="http://lca.jrc.it/ILCD/Source ../../schemas/ILCD_SourceDataSet.xsd" version="1.1">
  <sourceInformation>
    <dataSetInformation>
      <common:UUID>7834b970-33a3-11dd-bd11-0800200c9a66</common:UUID>
      <common:shortName xml:lang="en">Management of APC Residues from WtE Plants - An overview of important management options, 2003</common:shortName>
      <classificationInformation>
        <common:classification>
          <common:class level="0">Publications and communications</common:class>
        </common:classification>
      </classificationInformation>
      <sourceCitation>ISWA Working Group Thermal treatment of Waste - Subgroup APC Residues from WtE-Plants: Management of APC Residues from WtE Plants - An overview of important
        management options, International Solid Waste Association (ISWA), Copenhagen / Denmark, 2003</sourceCitation>
      <publicationType>Monograph</publicationType>
      <sourceDescriptionOrComment xml:lang="en">.</sourceDescriptionOrComment>
    </dataSetInformation>
  </sourceInformation>
  <administrativeInformation>
    <dataEntryBy>
      <common:timeStamp>2012-01-20T10:26:17+01:00</common:timeStamp>
      <common:referenceToDataSetFormat type="source data set" uri="../sources/a97a0155-0234-4b87-b4ce-a45da52f2a40.xml" refObjectId="a97a0155-0234-4b87-b4ce-a45da52f2a40">
        <common:shortDescription>ILCD format</common:shortDescription>
      </common:referenceToDataSetFormat>
    </dataEntryBy>
    <publicationAndOwnership>
      <common:dataSetVersion>03.00.000</common:dataSetVersion>
      <common:referenceToPrecedingDataSetVersion type="source data set" refObjectId="7834b970-33a3-11dd-bd11-0800200c9a66"
        uri="http://lca.jrc.ec.europa.eu/lcainfohub/datasets/elcd/sources/7834b970-33a3-11dd-bd11-0800200c9a66_02.00.000.xml">
        <common:shortDescription xml:lang="en">Management of APC Residues from WtE Plants - An overview of important management options, 2003</common:shortDescription>
      </common:referenceToPrecedingDataSetVersion>
      <common:permanentDataSetURI>http://lca.jrc.ec.europa.eu/lcainfohub/datasets/elcd/sources/7834b970-33a3-11dd-bd11-0800200c9a66.xml</common:permanentDataSetURI>
    </publicationAndOwnership>
  </administrativeInformation>
</sourceDataSet>
