<?xml version="1.0" encoding="utf-8"?>
<?xml-stylesheet version="1.0" href="../../stylesheets/source2html.xsl" type="text/xsl"?>
<sourceDataSet xmlns="http://lca.jrc.it/ILCD/Source" xmlns:common="http://lca.jrc.it/ILCD/Common" xmlns:xsi="http://www.w3.org/2001/XMLSchema-instance"
  xsi:schemaLocation="http://lca.jrc.it/ILCD/Source ../../schemas/ILCD_SourceDataSet.xsd" version="1.1">
  <sourceInformation>
    <dataSetInformation>
      <common:UUID>85b21370-01da-11db-92e3-0800200c9a66</common:UUID>
      <common:shortName xml:lang="en">PlasticsEurope_ldpe_flowchart2_85b21370-01da-11db-92e3-0800200c9a66.png</common:shortName>
      <classificationInformation>
        <common:classification>
          <common:class level="0">Images</common:class>
        </common:classification>
      </classificationInformation>
      <sourceCitation>GaBi database</sourceCitation>
      <publicationType>Undefined</publicationType>
      <referenceToDigitalFile uri="..\external_docs\PlasticsEurope_ldpe_flowchart2_85b21370-01da-11db-92e3-0800200c9a66.png"/>
    </dataSetInformation>
  </sourceInformation>
  <administrativeInformation>
    <dataEntryBy>
      <common:timeStamp>2012-01-20T10:26:17+01:00</common:timeStamp>
      <common:referenceToDataSetFormat type="source data set" uri="../sources/a97a0155-0234-4b87-b4ce-a45da52f2a40.xml" refObjectId="a97a0155-0234-4b87-b4ce-a45da52f2a40">
        <common:shortDescription>ILCD format</common:shortDescription>
      </common:referenceToDataSetFormat>
    </dataEntryBy>
    <publicationAndOwnership>
      <common:dataSetVersion>03.00.000</common:dataSetVersion>
      <common:referenceToPrecedingDataSetVersion type="source data set" refObjectId="85b21370-01da-11db-92e3-0800200c9a66"
        uri="http://lca.jrc.ec.europa.eu/lcainfohub/datasets/elcd/sources/85b21370-01da-11db-92e3-0800200c9a66_02.00.000.xml">
        <common:shortDescription xml:lang="en">PlasticsEurope_ldpe_flowchart2_85b21370-01da-11db-92e3-0800200c9a66.png</common:shortDescription>
      </common:referenceToPrecedingDataSetVersion>
      <common:permanentDataSetURI>http://lca.jrc.ec.europa.eu/lcainfohub/datasets/elcd/sources/85b21370-01da-11db-92e3-0800200c9a66.xml</common:permanentDataSetURI>
    </publicationAndOwnership>
  </administrativeInformation>
</sourceDataSet>
