<?xml version="1.0" encoding="utf-8"?>
<?xml-stylesheet version="1.0" href="../../stylesheets/source2html.xsl" type="text/xsl"?>
<sourceDataSet xmlns="http://lca.jrc.it/ILCD/Source" xmlns:common="http://lca.jrc.it/ILCD/Common" xmlns:xsi="http://www.w3.org/2001/XMLSchema-instance" xsi:schemaLocation="http://lca.jrc.it/ILCD/Source ../../schemas/ILCD_SourceDataSet.xsd" version="1.1">
  <sourceInformation>
    <dataSetInformation>
      <common:UUID>975b5607-1824-4b62-b16d-cd44b9427522</common:UUID>
      <common:shortName xml:lang="en">Slovenia's National Inventory Report 2010</common:shortName>
      <classificationInformation>
        <common:classification name="GaBiCategories" classes="../GaBiCategories.xml">
          <common:class level="0" classId="a5661b37-c582-440c-943f-267ef944dcd5">Reference, Citation</common:class>
          <common:class level="1" classId="e4cd07b2-68a5-4c93-8f26-dac1ca39d64c">General information source</common:class>
        </common:classification>
      </classificationInformation>
      <sourceCitation>Environmental Agency of the Republic of Slovenia, Slovenia's National Inventory Report 2010, Ljubljana, Slovenia, 2010</sourceCitation>
      <publicationType>Other unpublished and grey literature</publicationType>
    </dataSetInformation>
  </sourceInformation>
  <administrativeInformation>
    <dataEntryBy>
      <common:timeStamp>2011-11-01T00:00:00+01:00</common:timeStamp>
      <common:referenceToDataSetFormat refObjectId="a97a0155-0234-4b87-b4ce-a45da52f2a40" version="03.00.000" type="source data set" uri="../sources/a97a0155-0234-4b87-b4ce-a45da52f2a40.xml">
        <common:shortDescription xml:lang="en">ILCD format 1.1</common:shortDescription>
      </common:referenceToDataSetFormat>
    </dataEntryBy>
    <publicationAndOwnership>
      <common:dataSetVersion>22.00.000</common:dataSetVersion>
    </publicationAndOwnership>
  </administrativeInformation>
</sourceDataSet>
