<?xml version="1.0" encoding="utf-8"?>
<?xml-stylesheet version="1.0" href="../../stylesheets/source2html.xsl" type="text/xsl"?>
<sourceDataSet xmlns="http://lca.jrc.it/ILCD/Source" xmlns:common="http://lca.jrc.it/ILCD/Common" xmlns:xsi="http://www.w3.org/2001/XMLSchema-instance"
  xsi:schemaLocation="http://lca.jrc.it/ILCD/Source ../../schemas/ILCD_SourceDataSet.xsd" version="1.1">
  <sourceInformation>
    <dataSetInformation>
      <common:UUID>e5be23e3-299c-468a-b131-a3bf57403bd4</common:UUID>
      <common:shortName xml:lang="en">blank.JPG</common:shortName>
      <classificationInformation>
        <common:classification>
          <common:class level="0" classId="Images">Images</common:class>
        </common:classification>
      </classificationInformation>
      <sourceCitation>GaBi database</sourceCitation>
      <publicationType>Undefined</publicationType>
      <referenceToDigitalFile uri="../external_docs/blank.JPG"/>
    </dataSetInformation>
  </sourceInformation>
  <administrativeInformation>
    <dataEntryBy>
      <common:timeStamp>2011-09-14T15:29:06+01:00</common:timeStamp>
      <common:referenceToDataSetFormat refObjectId="a97a0155-0234-4b87-b4ce-a45da52f2a40" type="source data set" uri="../sources/a97a0155-0234-4b87-b4ce-a45da52f2a40.xml">
        <common:shortDescription xml:lang="en">ILCD format 1.1</common:shortDescription>
      </common:referenceToDataSetFormat>
    </dataEntryBy>
    <publicationAndOwnership>
      <common:dataSetVersion>03.00.000</common:dataSetVersion>
    </publicationAndOwnership>
  </administrativeInformation>
</sourceDataSet>
