<?xml version="1.0" encoding="utf-8"?>
<?xml-stylesheet version="1.0" href="../../stylesheets/contact2html.xsl" type="text/xsl"?>
<contactDataSet xmlns="http://lca.jrc.it/ILCD/Contact" xmlns:common="http://lca.jrc.it/ILCD/Common" xmlns:xsi="http://www.w3.org/2001/XMLSchema-instance" xsi:schemaLocation="http://lca.jrc.it/ILCD/Contact ../../schemas/ILCD_ContactDataSet.xsd" version="1.1">
  <contactInformation>
    <dataSetInformation>
      <common:UUID>0660d718-efb7-4ead-ba20-e78c5fc77d00</common:UUID>
      <common:shortName xml:lang="en">Mario Tarantini</common:shortName>
      <common:name xml:lang="en">Mario Tarantini</common:name>
      <classificationInformation>
        <common:classification name="GaBiCategories" classes="../GaBiCategories.xml">
          <common:class level="0" classId="ecc6f37b-3c4e-48a2-843d-0c01cd8f4e8f">Contacts</common:class>
          <common:class level="1" classId="73705e60-1fea-44d9-8e11-41cf6bb872c9">Persons</common:class>
        </common:classification>
      </classificationInformation>
      <contactAddress>via Martiri di Monte Sole, 4, 40129 Bologna, Italy</contactAddress>
      <telephone>+39 051 6098 429</telephone>
      <telefax>+39 051 6098 280</telefax>
      <email>mario.tarantini@enea.it</email>
      <referenceToContact refObjectId="1e7340bc-7f38-4da8-8c00-b9a7f919aa0e" version="22.00.000" type="contact data set" uri="../contacts/1e7340bc-7f38-4da8-8c00-b9a7f919aa0e.xml">
        <common:shortDescription xml:lang="en">ENEA</common:shortDescription>
      </referenceToContact>
    </dataSetInformation>
  </contactInformation>
  <administrativeInformation>
    <dataEntryBy>
      <common:timeStamp>2012-05-22T14:02:17+01:00</common:timeStamp>
      <common:referenceToDataSetFormat refObjectId="a97a0155-0234-4b87-b4ce-a45da52f2a40" version="03.00.000" type="source data set" uri="../sources/a97a0155-0234-4b87-b4ce-a45da52f2a40.xml">
        <common:shortDescription xml:lang="en">ILCD format 1.1</common:shortDescription>
      </common:referenceToDataSetFormat>
    </dataEntryBy>
    <publicationAndOwnership>
      <common:dataSetVersion>22.00.000</common:dataSetVersion>
    </publicationAndOwnership>
  </administrativeInformation>
</contactDataSet>
