<?xml version="1.0" encoding="utf-8"?>
<?xml-stylesheet version="1.0" href="../../stylesheets/contact2html.xsl" type="text/xsl"?>
<contactDataSet xmlns="http://lca.jrc.it/ILCD/Contact" xmlns:common="http://lca.jrc.it/ILCD/Common" xmlns:xsi="http://www.w3.org/2001/XMLSchema-instance" xsi:schemaLocation="http://lca.jrc.it/ILCD/Contact ../../schemas/ILCD_ContactDataSet.xsd" version="1.1">
  <contactInformation>
    <dataSetInformation>
      <common:UUID>1e7340bc-7f38-4da8-8c00-b9a7f919aa0e</common:UUID>
      <common:shortName xml:lang="en">ENEA</common:shortName>
      <common:name xml:lang="en">Agenzia nazionale per le nuove tecnologie, l'energia e lo sviluppo economico sostenibile</common:name>
      <classificationInformation>
        <common:classification name="GaBiCategories" classes="../GaBiCategories.xml">
          <common:class level="0" classId="ecc6f37b-3c4e-48a2-843d-0c01cd8f4e8f">Contacts</common:class>
          <common:class level="1" classId="dc0407c0-c183-4ad6-9e13-c198470b26e4">Organisations</common:class>
        </common:classification>
      </classificationInformation>
      <contactAddress>Via Martiri di Monte Sole, 4, 40129 Bologna, Italy</contactAddress>
      <telephone>+39 051 6098424</telephone>
      <telefax>+39 051 6098280</telefax>
      <email>paolo.masoni@enea.it</email>
      <WWWAddress>www.enea.it</WWWAddress>
      <centralContactPoint xml:lang="en">Paolo Masoni</centralContactPoint>
      <contactDescriptionOrComment xml:lang="en">ENEA - Italian National Agency for New Technologies, Energy and Sustainable Economic Development</contactDescriptionOrComment>
    </dataSetInformation>
  </contactInformation>
  <administrativeInformation>
    <dataEntryBy>
      <common:timeStamp>2012-05-22T13:56:44+01:00</common:timeStamp>
      <common:referenceToDataSetFormat refObjectId="a97a0155-0234-4b87-b4ce-a45da52f2a40" version="03.00.000" type="source data set" uri="../sources/a97a0155-0234-4b87-b4ce-a45da52f2a40.xml">
        <common:shortDescription xml:lang="en">ILCD format 1.1</common:shortDescription>
      </common:referenceToDataSetFormat>
    </dataEntryBy>
    <publicationAndOwnership>
      <common:dataSetVersion>22.00.000</common:dataSetVersion>
    </publicationAndOwnership>
  </administrativeInformation>
</contactDataSet>
