<?xml version="1.0" encoding="UTF-8" standalone="yes"?><?xml-stylesheet type='text/xsl' href='../../stylesheets/contact2html.xsl'?>
<contactDataSet xmlns:common="http://lca.jrc.it/ILCD/Common" xmlns="http://lca.jrc.it/ILCD/Contact" xmlns:xsi="http://www.w3.org/2001/XMLSchema-instance" version="1.1" xsi:schemaLocation="http://lca.jrc.it/ILCD/Contact ../../schemas/ILCD_ContactDataSet.xsd">
    <contactInformation>
        <dataSetInformation>
            <common:UUID>481bcc18-d8a2-44a1-b5e2-36a2d68ccf79</common:UUID>
            <common:shortName xml:lang="en">TDMA</common:shortName>
            <common:name xml:lang="en">Titanium Dioxide Manufacturers Association</common:name>
            <classificationInformation>
                <common:classification>
                    <common:class level="0">Group of organisations, project</common:class>
                </common:classification>
            </classificationInformation>
            <contactAddress xml:lang="en">Titanium Dioxide Manufacturers Association (TDMA)
at European Chemical Industry Council (CEFIC) 
Avenue E. van Nieuwenhuyse 4
B - 1160 Brussels
Belgium
</contactAddress>
            <telephone>32 2 676 73 27</telephone>
            <email>pan@cefic.be </email>
            <WWWAddress>www.tdma.info/  </WWWAddress>
            <centralContactPoint xml:lang="en">Paul Anselme</centralContactPoint>
        </dataSetInformation>
    </contactInformation>
    <administrativeInformation>
        <dataEntryBy>
            <common:timeStamp>2014-11-10T16:24:09.207Z</common:timeStamp>
            <common:referenceToDataSetFormat type="source data set" refObjectId="a97a0155-0234-4b87-b4ce-a45da52f2a40" uri="../sources/a97a0155-0234-4b87-b4ce-a45da52f2a40.xml">
                <common:shortDescription xml:lang="en">ILCD format</common:shortDescription>
            </common:referenceToDataSetFormat>
        </dataEntryBy>
        <publicationAndOwnership>
            <common:dataSetVersion>01.00.000</common:dataSetVersion>
        </publicationAndOwnership>
    </administrativeInformation>
</contactDataSet>
