<?xml version="1.0" encoding="utf-8"?>
<?xml-stylesheet version="1.0" href="../../stylesheets/contact2html.xsl" type="text/xsl"?>
<contactDataSet xmlns="http://lca.jrc.it/ILCD/Contact" xmlns:common="http://lca.jrc.it/ILCD/Common" xmlns:xsi="http://www.w3.org/2001/XMLSchema-instance" xsi:schemaLocation="http://lca.jrc.it/ILCD/Contact ../../schemas/ILCD_ContactDataSet.xsd" version="1.1">
  <contactInformation>
    <dataSetInformation>
      <common:UUID>5bb337b0-9a1a-11da-a72b-0800200c9a69</common:UUID>
      <common:shortName xml:lang="en">EPLCA project team</common:shortName>
      <common:name xml:lang="en">"European Platform on Life Cycle Assessment" project team at: European Commission, Directorate-General Joint Research Center (DG JRC), Institute for Environment and Sustainability (IES)</common:name>
      <classificationInformation>
        <common:classification name="GaBiCategories" classes="../GaBiCategories.xml">
          <common:class level="0" classId="ecc6f37b-3c4e-48a2-843d-0c01cd8f4e8f">Contacts</common:class>
          <common:class level="1" classId="3717cb7e-95e7-4cd6-b188-73abe9076199">Working groups</common:class>
        </common:classification>
      </classificationInformation>
      <contactAddress>JRC-IES, TP 460, Via E. Fermi 1, 21027 Ispra (VA), Italy</contactAddress>
      <telefax>+39 0332 78 5601</telefax>
      <email>LCA@JRC.it</email>
      <WWWAddress>http://lca.jrc.ec.europa.eu</WWWAddress>
      <centralContactPoint xml:lang="en">European Commission, DG JRC, IES, European Platform on LCA, TP 460; Via E. Fermi 1, 21027 Ispra (VA), Italy</centralContactPoint>
      <contactDescriptionOrComment xml:lang="en">Team of the European Commission project 'European Platform on Life Cycle Assessment'</contactDescriptionOrComment>
      <referenceToLogo refObjectId="417b6710-8b81-11db-b706-0800200c9a66" version="22.00.000" type="source data set" uri="../sources/417b6710-8b81-11db-b706-0800200c9a66.xml">
        <common:shortDescription xml:lang="en">European_Commission_EPLCA_logo_417b6710-8b81-11db-b706-0800200c9a66.jpg</common:shortDescription>
      </referenceToLogo>
    </dataSetInformation>
  </contactInformation>
  <administrativeInformation>
    <dataEntryBy>
      <common:timeStamp>2011-11-01T00:00:00+01:00</common:timeStamp>
      <common:referenceToDataSetFormat refObjectId="a97a0155-0234-4b87-b4ce-a45da52f2a40" version="03.00.000" type="source data set" uri="../sources/a97a0155-0234-4b87-b4ce-a45da52f2a40.xml">
        <common:shortDescription xml:lang="en">ILCD format 1.1</common:shortDescription>
      </common:referenceToDataSetFormat>
    </dataEntryBy>
    <publicationAndOwnership>
      <common:dataSetVersion>22.00.000</common:dataSetVersion>
    </publicationAndOwnership>
  </administrativeInformation>
</contactDataSet>
