<?xml version="1.0" encoding="utf-8"?>
<?xml-stylesheet version="1.0" href="../../stylesheets/contact2html.xsl" type="text/xsl"?>
<contactDataSet xmlns="http://lca.jrc.it/ILCD/Contact" xmlns:common="http://lca.jrc.it/ILCD/Common" xmlns:xsi="http://www.w3.org/2001/XMLSchema-instance" xsi:schemaLocation="http://lca.jrc.it/ILCD/Contact ../../schemas/ILCD_ContactDataSet.xsd" version="1.1">
  <contactInformation>
    <dataSetInformation>
      <common:UUID>8dde4c58-5aaf-4c04-95fc-c491135a53ab</common:UUID>
      <common:shortName xml:lang="en">ILA</common:shortName>
      <common:name xml:lang="en">International Lead Association</common:name>
      <classificationInformation>
        <common:classification name="GaBiCategories" classes="../GaBiCategories.xml">
          <common:class level="0" classId="ecc6f37b-3c4e-48a2-843d-0c01cd8f4e8f">Contacts</common:class>
          <common:class level="1" classId="dc0407c0-c183-4ad6-9e13-c198470b26e4">Organisations</common:class>
          <common:class level="2" classId="82ed218a-7b52-4258-807d-b001e6bb2ab6">Other</common:class>
        </common:classification>
      </classificationInformation>
      <contactAddress>Bravington House, 2 Bravingtons Walk, London, N1 9AF</contactAddress>
      <telephone>+44 (0)20 7833 8090</telephone>
      <telefax>+44 (0)20 7833 1611</telefax>
      <email>enq@ila-lead.org</email>
      <WWWAddress>http://www.ila-lead.org/</WWWAddress>
    </dataSetInformation>
  </contactInformation>
  <administrativeInformation>
    <dataEntryBy>
      <common:timeStamp>2013-12-01T00:00:00+01:00</common:timeStamp>
      <common:referenceToDataSetFormat refObjectId="a97a0155-0234-4b87-b4ce-a45da52f2a40" version="03.00.000" type="source data set" uri="../sources/a97a0155-0234-4b87-b4ce-a45da52f2a40.xml">
        <common:shortDescription xml:lang="en">ILCD format 1.1</common:shortDescription>
      </common:referenceToDataSetFormat>
    </dataEntryBy>
    <publicationAndOwnership>
      <common:dataSetVersion>24.00.000</common:dataSetVersion>
    </publicationAndOwnership>
  </administrativeInformation>
</contactDataSet>
