<?xml version="1.0" encoding="utf-8"?>
<?xml-stylesheet version="1.0" href="../../stylesheets/contact2html.xsl" type="text/xsl"?>
<contactDataSet xmlns="http://lca.jrc.it/ILCD/Contact" xmlns:common="http://lca.jrc.it/ILCD/Common" xmlns:xsi="http://www.w3.org/2001/XMLSchema-instance" xsi:schemaLocation="http://lca.jrc.it/ILCD/Contact ../../schemas/ILCD_ContactDataSet.xsd" version="1.1">
  <contactInformation>
    <dataSetInformation>
      <common:UUID>a54f6e4b-74ad-42eb-8256-7665c84f8e68</common:UUID>
      <common:shortName xml:lang="en">Prof. Dr. Matthias Finkbeiner</common:shortName>
      <common:name xml:lang="en">Prof. Dr. Matthias Finkbeiner</common:name>
      <classificationInformation>
        <common:classification name="GaBiCategories" classes="../GaBiCategories.xml">
          <common:class level="0" classId="ecc6f37b-3c4e-48a2-843d-0c01cd8f4e8f">Contacts</common:class>
          <common:class level="1" classId="73705e60-1fea-44d9-8e11-41cf6bb872c9">Persons</common:class>
        </common:classification>
      </classificationInformation>
      <contactAddress>Technische Universität Berlin - Department of Environmental Technology - Chair of Sustainable Engineering</contactAddress>
      <email>matthias.finkbeiner@tu-berlin.de</email>
      <contactDescriptionOrComment xml:lang="en">External indipendent reviewer</contactDescriptionOrComment>
    </dataSetInformation>
  </contactInformation>
  <administrativeInformation>
    <dataEntryBy>
      <common:timeStamp>2013-06-14T12:26:16+01:00</common:timeStamp>
      <common:referenceToDataSetFormat refObjectId="a97a0155-0234-4b87-b4ce-a45da52f2a40" version="03.00.000" type="source data set" uri="../sources/a97a0155-0234-4b87-b4ce-a45da52f2a40.xml">
        <common:shortDescription xml:lang="en">ILCD format 1.1</common:shortDescription>
      </common:referenceToDataSetFormat>
    </dataEntryBy>
    <publicationAndOwnership>
      <common:dataSetVersion>03.00.000</common:dataSetVersion>
    </publicationAndOwnership>
  </administrativeInformation>
</contactDataSet>
