<?xml version="1.0" encoding="UTF-8" standalone="yes"?>
<?xml-stylesheet version="1.0" href="../../stylesheets/contact2html.xsl" type="text/xsl"?>
<contactDataSet xmlns="http://lca.jrc.it/ILCD/Contact" xmlns:common="http://lca.jrc.it/ILCD/Common" xmlns:xsi="http://www.w3.org/2001/XMLSchema-instance" version="1.1" xsi:schemaLocation="http://lca.jrc.it/ILCD/Contact ../../schemas/ILCD_ContactDataSet.xsd">
    <contactInformation>
        <dataSetInformation>
            <common:UUID>a90da90a-f541-4689-8c1f-ace4c39ac927</common:UUID>
            <common:name xml:lang="en">Euro-graph</common:name>
          <classificationInformation>
            <common:classification>
              <common:class level="0">Organisations</common:class>
              <common:class level="1">Other organisations</common:class>
            </common:classification>
          </classificationInformation>
          <email>office@euro-graph.org</email>
          <WWWAddress>http://www.euro-graph.org/</WWWAddress>
          <centralContactPoint xml:lang="en">Euro-graph, Avenue Louise 250, B-1050 Brussels, Belgium</centralContactPoint>
          <contactDescriptionOrComment xml:lang="en">Euro-graph, Avenue Louise 250, B-1050 Brussels, Belgium</contactDescriptionOrComment>
        </dataSetInformation>
    </contactInformation>
    <administrativeInformation>
        <dataEntryBy>
            <common:referenceToDataSetFormat type="source data set" refObjectId="a97a0155-0234-4b87-b4ce-a45da52f2a40" uri="../sources/a97a0155-0234-4b87-b4ce-a45da52f2a40.xml">
                <common:shortDescription xml:lang="en">ILCD format</common:shortDescription>
            </common:referenceToDataSetFormat>
        </dataEntryBy>
        <publicationAndOwnership>
            <common:dataSetVersion>03.00.000</common:dataSetVersion>
        </publicationAndOwnership>
    </administrativeInformation>
</contactDataSet>
