<?xml version="1.0" encoding="utf-8"?>
<?xml-stylesheet version="1.0" href="../../stylesheets/contact2html.xsl" type="text/xsl"?>
<contactDataSet xmlns="http://lca.jrc.it/ILCD/Contact" xmlns:common="http://lca.jrc.it/ILCD/Common" xmlns:xsi="http://www.w3.org/2001/XMLSchema-instance"
  xsi:schemaLocation="http://lca.jrc.it/ILCD/Contact ../../schemas/ILCD_ContactDataSet.xsd" version="1.1">
  <contactInformation>
    <dataSetInformation>
      <common:UUID>ad22cbba-7a31-46db-b3f5-e1f22ef699f8</common:UUID>
      <common:shortName xml:lang="en">worldsteel Review panel 2011</common:shortName>
      <common:name xml:lang="en">M. Finkbeiner, A. Inaba, D. Dowdell, S. Young</common:name>
      <classificationInformation>
        <common:classification>
          <common:class level="0">Group of organisations, project</common:class>
        </common:classification>
      </classificationInformation>
      <contactAddress>Rue Colonel Bourg 120 B-1140 Brussels, Belgium</contactAddress>
      <telephone>+32 2 702 89 00</telephone>
      <telefax>+32 2 702 88 99</telefax>
      <email>lca@worldsteel.org</email>
      <WWWAddress>www.worldsteel.org</WWWAddress>
      <centralContactPoint xml:lang="en">Rue Colonel Bourg 120 B-1140 Brussels, Belgium</centralContactPoint>
      <referenceToContact refObjectId="d5710976-d600-11da-a94d-0800200c9a66" type="contact data set" uri="../contacts/d5710976-d600-11da-a94d-0800200c9a66.xml">
        <common:shortDescription xml:lang="en">worldsteel</common:shortDescription>
      </referenceToContact>
    </dataSetInformation>
  </contactInformation>
  <administrativeInformation>
    <dataEntryBy>
      <common:timeStamp>2011-08-19T12:34:37+01:00</common:timeStamp>
      <common:referenceToDataSetFormat refObjectId="a97a0155-0234-4b87-b4ce-a45da52f2a40" type="source data set" uri="../sources/a97a0155-0234-4b87-b4ce-a45da52f2a40.xml">
        <common:shortDescription xml:lang="en">ILCD format 1.1</common:shortDescription>
      </common:referenceToDataSetFormat>
    </dataEntryBy>
    <publicationAndOwnership>
      <common:dataSetVersion>03.00.000</common:dataSetVersion>
    </publicationAndOwnership>
  </administrativeInformation>
</contactDataSet>
