<?xml version="1.0" encoding="utf-8"?>
<?xml-stylesheet version="1.0" href="../../stylesheets/contact2html.xsl" type="text/xsl"?>
<contactDataSet xmlns="http://lca.jrc.it/ILCD/Contact" xmlns:common="http://lca.jrc.it/ILCD/Common" xmlns:xsi="http://www.w3.org/2001/XMLSchema-instance" xsi:schemaLocation="http://lca.jrc.it/ILCD/Contact ../../schemas/ILCD_ContactDataSet.xsd" version="1.1">
  <contactInformation>
    <dataSetInformation>
      <common:UUID>c0a9feeb-48d1-4c8f-9e8f-3ada7c0294c7</common:UUID>
      <common:shortName xml:lang="en">IBP-GaBi</common:shortName>
      <common:name xml:lang="en">Fraunhofer IBP, Department GaBi</common:name>
      <classificationInformation>
        <common:classification name="GaBiCategories" classes="../GaBiCategories.xml">
          <common:class level="0" classId="ecc6f37b-3c4e-48a2-843d-0c01cd8f4e8f">Contacts</common:class>
          <common:class level="1" classId="dc0407c0-c183-4ad6-9e13-c198470b26e4">Organisations</common:class>
          <common:class level="2" classId="7ad3b7ef-536f-4fb3-a5df-a4e2fc89848e">Non-governmental org.</common:class>
        </common:classification>
      </classificationInformation>
      <contactAddress>Nobelstrasse 12, D-70569 Stuttgart, Germany</contactAddress>
      <email>gabi@ibp.fraunhofer.de</email>
      <WWWAddress>http://www.ibp.fraunhofer.de/en/Expertise/Life_Cycle_Engineering/</WWWAddress>
    </dataSetInformation>
  </contactInformation>
  <administrativeInformation>
    <dataEntryBy>
      <common:timeStamp>2011-10-31T23:00:00+01:00</common:timeStamp>
      <common:referenceToDataSetFormat refObjectId="a97a0155-0234-4b87-b4ce-a45da52f2a40" version="03.00.000" type="source data set" uri="../sources/a97a0155-0234-4b87-b4ce-a45da52f2a40.xml">
        <common:shortDescription xml:lang="en">ILCD format 1.1</common:shortDescription>
      </common:referenceToDataSetFormat>
    </dataEntryBy>
    <publicationAndOwnership>
      <common:dataSetVersion>24.00.000</common:dataSetVersion>
    </publicationAndOwnership>
  </administrativeInformation>
</contactDataSet>
