<?xml version="1.0" encoding="UTF-8" standalone="yes"?>
<?xml-stylesheet version="1.0" href="../../stylesheets/contact2html.xsl" type="text/xsl"?>
<contactDataSet xmlns="http://lca.jrc.it/ILCD/Contact" xmlns:common="http://lca.jrc.it/ILCD/Common" xmlns:xsi="http://www.w3.org/2001/XMLSchema-instance" version="1.1" xsi:schemaLocation="http://lca.jrc.it/ILCD/Contact ../../schemas/ILCD_ContactDataSet.xsd">
    <contactInformation>
        <dataSetInformation>
            <common:UUID>f2c68654-1e69-4e0e-bddf-4eefc75d7583</common:UUID>
            <common:shortName xml:lang="en">VTT</common:shortName>
            <common:name xml:lang="en">VTT Technical Research Centre of Finland</common:name>
            <classificationInformation>
              <common:classification>
                <common:class level="0">Organisations</common:class>
                <common:class level="1">Governmental organisations</common:class>
              </common:classification>
            </classificationInformation>
            <telephone> +358 20 722 7070</telephone>
            <telefax>+358 20 722 7001</telefax>
            <email>info@vtt.fi</email>
            <WWWAddress>http://www.vtt.fi/</WWWAddress>
            <centralContactPoint xml:lang="en">VTT, Metallimiehenkuja 2 (Espoo), P.O. Box 1000, FI-02044, Finland</centralContactPoint>
            <contactDescriptionOrComment xml:lang="en">VTT, Metallimiehenkuja 2 (Espoo), P.O. Box 1000, FI-02044, Finland</contactDescriptionOrComment>
        </dataSetInformation>
    </contactInformation>
    <administrativeInformation>
        <dataEntryBy>
            <common:referenceToDataSetFormat type="source data set" refObjectId="a97a0155-0234-4b87-b4ce-a45da52f2a40" uri="../sources/a97a0155-0234-4b87-b4ce-a45da52f2a40.xml">
                <common:shortDescription xml:lang="en">ILCD format</common:shortDescription>
            </common:referenceToDataSetFormat>
        </dataEntryBy>
        <publicationAndOwnership>
            <common:dataSetVersion>03.00.000</common:dataSetVersion>
        </publicationAndOwnership>
    </administrativeInformation>
</contactDataSet>
