<?xml version="1.0" encoding="UTF-8" standalone="yes"?><?xml-stylesheet type='text/xsl' href='../../stylesheets/contact2html.xsl'?>
<contactDataSet xmlns:common="http://lca.jrc.it/ILCD/Common" xmlns="http://lca.jrc.it/ILCD/Contact" xmlns:xsi="http://www.w3.org/2001/XMLSchema-instance" version="1.1" xsi:schemaLocation="http://lca.jrc.it/ILCD/Contact ../../schemas/ILCD_ContactDataSet.xsd">
    <contactInformation>
        <dataSetInformation>
            <common:UUID>f5f37b2b-542c-4e0e-8960-2c8a01f7e6fa</common:UUID>
            <common:shortName xml:lang="en">ERM</common:shortName>
            <common:name xml:lang="en">Environmental Resources Management</common:name>
            <classificationInformation>
                <common:classification>
                    <common:class level="0">Organisations</common:class>
                    <common:class level="1">Other organisations</common:class>
                </common:classification>
            </classificationInformation>
            <contactAddress xml:lang="en">ERM, 2nd Floor Exchequer Court, 33 St Mary Axe, London, UK, EC3A8AA</contactAddress>
            <telephone>02032065440</telephone>
            <email>michael.collins@erm.com</email>
            <WWWAddress>www.erm.com</WWWAddress>
            <centralContactPoint xml:lang="en">Michael Collins</centralContactPoint>
        </dataSetInformation>
    </contactInformation>
    <administrativeInformation>
        <dataEntryBy>
            <common:timeStamp>2014-11-10T17:17:28.981Z</common:timeStamp>
            <common:referenceToDataSetFormat type="source data set" refObjectId="a97a0155-0234-4b87-b4ce-a45da52f2a40" uri="../sources/a97a0155-0234-4b87-b4ce-a45da52f2a40.xml">
                <common:shortDescription xml:lang="en">ILCD format</common:shortDescription>
            </common:referenceToDataSetFormat>
        </dataEntryBy>
        <publicationAndOwnership>
            <common:dataSetVersion>01.00.000</common:dataSetVersion>
        </publicationAndOwnership>
    </administrativeInformation>
</contactDataSet>
