<?xml version="1.0" encoding="utf-8"?>
<?xml-stylesheet version="1.0" href="../../stylesheets/contact2html.xsl" type="text/xsl"?>
<contactDataSet xmlns="http://lca.jrc.it/ILCD/Contact" xmlns:common="http://lca.jrc.it/ILCD/Common" xmlns:xsi="http://www.w3.org/2001/XMLSchema-instance" xsi:schemaLocation="http://lca.jrc.it/ILCD/Contact ../../schemas/ILCD_ContactDataSet.xsd" version="1.1">
  <contactInformation>
    <dataSetInformation>
      <common:UUID>fbc8c311-fecc-4caf-b665-cfc2634e70c2</common:UUID>
      <common:shortName xml:lang="en">APEAL</common:shortName>
      <common:name xml:lang="en">The Association of European Producers of Steel for Packaging</common:name>
      <classificationInformation>
        <common:classification name="GaBiCategories" classes="../GaBiCategories.xml">
          <common:class level="0" classId="ecc6f37b-3c4e-48a2-843d-0c01cd8f4e8f">Contacts</common:class>
        </common:classification>
      </classificationInformation>
      <contactAddress>Avenue Ariane 5, Building 'Integrale' E3, 4th floor, BE - 1200 Brussels / BELGIUM</contactAddress>
      <telephone>+32 (2) 537 91 51</telephone>
      <telefax>+32 (2) 537 86 49</telefax>
      <email>info@apeal.be</email>
      <WWWAddress>http://www.apeal.org</WWWAddress>
      <centralContactPoint xml:lang="en">Avenue Ariane 5, Building 'Integrale' E3, 4th floor, BE - 1200 Brussels / BELGIUM</centralContactPoint>
    </dataSetInformation>
  </contactInformation>
  <administrativeInformation>
    <dataEntryBy>
      <common:timeStamp>2015-05-01T02:00:00+01:00</common:timeStamp>
      <common:referenceToDataSetFormat refObjectId="a97a0155-0234-4b87-b4ce-a45da52f2a40" version="03.00.000" type="source data set" uri="../sources/a97a0155-0234-4b87-b4ce-a45da52f2a40.xml">
        <common:shortDescription xml:lang="en">ILCD format 1.1</common:shortDescription>
      </common:referenceToDataSetFormat>
    </dataEntryBy>
    <publicationAndOwnership>
      <common:dataSetVersion>27.00.000</common:dataSetVersion>
    </publicationAndOwnership>
  </administrativeInformation>
</contactDataSet>
