<?xml version="1.0" encoding="utf-8"?>
<?xml-stylesheet version="1.0" href="../../stylesheets/unitgroup2html.xsl" type="text/xsl"?>
<unitGroupDataSet xmlns="http://lca.jrc.it/ILCD/UnitGroup" xmlns:common="http://lca.jrc.it/ILCD/Common" xmlns:xsi="http://www.w3.org/2001/XMLSchema-instance" xsi:schemaLocation="http://lca.jrc.it/ILCD/UnitGroup ../../schemas/ILCD_UnitGroupDataSet.xsd" version="1.1">
  <unitGroupInformation>
    <dataSetInformation>
      <common:UUID>67b5401d-873c-485f-bcf3-6ae83b918822</common:UUID>
      <common:name xml:lang="en">Unit of nutrification potential</common:name>
      <classificationInformation>
        <common:classification name="GaBiCategories" classes="../GaBiCategories.xml">
          <common:class level="0" classId="2d993f37-0fcf-49bb-abf5-36c4f39ba66e">Environmental units</common:class>
        </common:classification>
      </classificationInformation>
    </dataSetInformation>
    <quantitativeReference>
      <referenceToReferenceUnit>0</referenceToReferenceUnit>
    </quantitativeReference>
  </unitGroupInformation>
  <modellingAndValidation>
    <complianceDeclarations>
      <compliance>
        <common:referenceToComplianceSystem refObjectId="88d4f8d9-60f9-43d1-9ea3-329c10d7d727" version="01.00.000" type="source data set" uri="../sources/88d4f8d9-60f9-43d1-9ea3-329c10d7d727.xml">
          <common:shortDescription xml:lang="en">ILCD compliance 1.1</common:shortDescription>
        </common:referenceToComplianceSystem>
        <common:approvalOfOverallCompliance>Fully compliant</common:approvalOfOverallCompliance>
      </compliance>
    </complianceDeclarations>
  </modellingAndValidation>
  <administrativeInformation>
    <dataEntryBy>
      <common:timeStamp>1998-05-01T00:00:00+01:00</common:timeStamp>
      <common:referenceToDataSetFormat refObjectId="a97a0155-0234-4b87-b4ce-a45da52f2a40" version="01.00.000" type="source data set" uri="../sources/a97a0155-0234-4b87-b4ce-a45da52f2a40.xml">
        <common:shortDescription xml:lang="en">ILCD format 1.1</common:shortDescription>
      </common:referenceToDataSetFormat>
    </dataEntryBy>
    <publicationAndOwnership>
      <common:dataSetVersion>16.00.000</common:dataSetVersion>
    </publicationAndOwnership>
  </administrativeInformation>
  <units>
    <unit dataSetInternalID="0">
      <name>kg Phosphate-Equiv.</name>
      <meanValue>1</meanValue>
    </unit>
  </units>
</unitGroupDataSet>
