<?xml version="1.0" encoding="utf-8"?><?xml-stylesheet version="1.0" href="../../stylesheets/unitgroup2html.xsl" type="text/xsl"?>
<unitGroupDataSet xmlns="http://lca.jrc.it/ILCD/UnitGroup" xmlns:common="http://lca.jrc.it/ILCD/Common" xmlns:xsi="http://www.w3.org/2001/XMLSchema-instance" xsi:schemaLocation="http://lca.jrc.it/ILCD/UnitGroup ../../schemas/ILCD_UnitGroupDataSet.xsd" version="1.1">
   <unitGroupInformation>
      <dataSetInformation>
         <common:UUID>838aaa22-0117-11db-92e3-0800200c9a66</common:UUID>
         <common:name xml:lang="en">Units of length</common:name>
         <classificationInformation>
            <common:classification>
               <common:class level="0">Technical unit groups</common:class>
            </common:classification>
         </classificationInformation>
         <common:generalComment xml:lang="en">Reference Unit Group Data Set of the International Reference Life Cycle Data System (ILCD).</common:generalComment>
      </dataSetInformation>
      <quantitativeReference>
         <referenceToReferenceUnit>0</referenceToReferenceUnit>
      </quantitativeReference>
   </unitGroupInformation>
   <modellingAndValidation>
      <complianceDeclarations>
         <compliance>
            <common:referenceToComplianceSystem type="source data set" uri="../sources/ILCD_Compliance_88d4f8d9-60f9-43d1-9ea3-329c10d7d727_01.00.000.xml" refObjectId="88d4f8d9-60f9-43d1-9ea3-329c10d7d727" version="01.00.000">
               <common:shortDescription>ILCD Data Network compliance</common:shortDescription>
            </common:referenceToComplianceSystem>
            <common:approvalOfOverallCompliance>Fully compliant</common:approvalOfOverallCompliance>
         </compliance>
      </complianceDeclarations>
   </modellingAndValidation>
   <administrativeInformation>
      <dataEntryBy>
         <common:timeStamp>2008-02-15T11:58:50.461+01:00</common:timeStamp>
         <common:referenceToDataSetFormat type="source data set" uri="../sources/ILCD_Format_a97a0155-0234-4b87-b4ce-a45da52f2a40_01.00.000.xml" refObjectId="a97a0155-0234-4b87-b4ce-a45da52f2a40" version="01.00.000">
            <common:shortDescription>ILCD format</common:shortDescription>
         </common:referenceToDataSetFormat>
      </dataEntryBy>
      <publicationAndOwnership>
         <common:dataSetVersion>02.00.000</common:dataSetVersion>
         <common:permanentDataSetURI>http://lca.jrc.ec.europa.eu/lcainfohub/datasets/ilcd/unitgroups/Units_of_length_838aaa22-0117-11db-92e3-0800200c9a66_02.00.000.xml</common:permanentDataSetURI>
      </publicationAndOwnership>
   </administrativeInformation>
   <units>
      <unit dataSetInternalID="0">
         <name>m</name>
         <meanValue>1.0</meanValue>
         <generalComment xml:lang="en">Metre</generalComment>
      </unit>
      <unit dataSetInternalID="1">
         <name>km</name>
         <meanValue>1000.0</meanValue>
         <generalComment xml:lang="en">Kilometre</generalComment>
      </unit>
      <unit dataSetInternalID="2">
         <name>cm</name>
         <meanValue>0.01</meanValue>
         <generalComment xml:lang="en">Centimetre</generalComment>
      </unit>
      <unit dataSetInternalID="3">
         <name>mm</name>
         <meanValue>0.0010</meanValue>
         <generalComment xml:lang="en">Millimetre</generalComment>
      </unit>
      <unit dataSetInternalID="4">
         <name>ft</name>
         <meanValue>0.3048</meanValue>
         <generalComment xml:lang="en">Foot (international)</generalComment>
      </unit>
      <unit dataSetInternalID="5">
         <name>mi</name>
         <meanValue>1609.347</meanValue>
         <generalComment xml:lang="en">International mile</generalComment>
      </unit>
      <unit dataSetInternalID="6">
         <name>in</name>
         <meanValue>0.0254</meanValue>
         <generalComment xml:lang="en">Inch</generalComment>
      </unit>
      <unit dataSetInternalID="7">
         <name>u</name>
         <meanValue>1.0E-6</meanValue>
         <generalComment xml:lang="en">Micron</generalComment>
      </unit>
      <unit dataSetInternalID="8">
         <name>nmi</name>
         <meanValue>1852.0</meanValue>
         <generalComment xml:lang="en">Nautical mile</generalComment>
      </unit>
      <unit dataSetInternalID="9">
         <name>yd</name>
         <meanValue>0.9144</meanValue>
         <generalComment xml:lang="en">Yard (international)</generalComment>
      </unit>
   </units>
</unitGroupDataSet>