<?xml version="1.0" encoding="utf-8"?><?xml-stylesheet version="1.0" href="../../stylesheets/unitgroup2html.xsl" type="text/xsl"?>
<unitGroupDataSet xmlns="http://lca.jrc.it/ILCD/UnitGroup" xmlns:common="http://lca.jrc.it/ILCD/Common" xmlns:xsi="http://www.w3.org/2001/XMLSchema-instance" xsi:schemaLocation="http://lca.jrc.it/ILCD/UnitGroup ../../schemas/ILCD_UnitGroupDataSet.xsd" version="1.1">
   <unitGroupInformation>
      <dataSetInformation>
         <common:UUID>93a60a57-a4c8-11da-a746-0800200c9a66</common:UUID>
         <common:name xml:lang="en">Units of mass</common:name>
         <common:name xml:lang="de">Masseeinheiten</common:name>
         <classificationInformation>
            <common:classification>
               <common:class level="0">Technical unit groups</common:class>
            </common:classification>
         </classificationInformation>
         <common:generalComment xml:lang="en">Reference Unit Group Data Set of the International Reference Life Cycle Data System (ILCD).</common:generalComment>
      </dataSetInformation>
      <quantitativeReference>
         <referenceToReferenceUnit>0</referenceToReferenceUnit>
      </quantitativeReference>
   </unitGroupInformation>
   <modellingAndValidation>
      <complianceDeclarations>
         <compliance>
            <common:referenceToComplianceSystem type="source data set" uri="../sources/ILCD_Compliance_88d4f8d9-60f9-43d1-9ea3-329c10d7d727_01.00.000.xml" refObjectId="88d4f8d9-60f9-43d1-9ea3-329c10d7d727" version="01.00.000">
               <common:shortDescription>ILCD Data Network compliance</common:shortDescription>
            </common:referenceToComplianceSystem>
            <common:approvalOfOverallCompliance>Fully compliant</common:approvalOfOverallCompliance>
         </compliance>
      </complianceDeclarations>
   </modellingAndValidation>
   <administrativeInformation>
      <dataEntryBy>
         <common:timeStamp>2008-01-05T17:28:55.039+01:00</common:timeStamp>
         <common:referenceToDataSetFormat type="source data set" uri="../sources/ILCD_Format_a97a0155-0234-4b87-b4ce-a45da52f2a40_01.00.000.xml" refObjectId="a97a0155-0234-4b87-b4ce-a45da52f2a40" version="01.00.000">
            <common:shortDescription>ILCD format</common:shortDescription>
         </common:referenceToDataSetFormat>
      </dataEntryBy>
      <publicationAndOwnership>
         <common:dataSetVersion>02.00.000</common:dataSetVersion>
         <common:permanentDataSetURI>http://lca.jrc.ec.europa.eu/lcainfohub/datasets/ilcd/unitgroups/Units_of_mass_93a60a57-a4c8-11da-a746-0800200c9a66_02.00.000.xml</common:permanentDataSetURI>
      </publicationAndOwnership>
   </administrativeInformation>
   <units>
      <unit dataSetInternalID="0">
         <name>kg</name>
         <meanValue>1.0</meanValue>
         <generalComment xml:lang="en">Kilogram</generalComment>
      </unit>
      <unit dataSetInternalID="1">
         <name>t</name>
         <meanValue>1000.0</meanValue>
         <generalComment xml:lang="en">Metric ton</generalComment>
      </unit>
      <unit dataSetInternalID="2">
         <name>lb av</name>
         <meanValue>0.45359237</meanValue>
         <generalComment xml:lang="en">British pound (avoirdupois)</generalComment>
      </unit>
      <unit dataSetInternalID="3">
         <name>Mg</name>
         <meanValue>1000.0</meanValue>
         <generalComment xml:lang="en">Megagram = 1 metric ton</generalComment>
      </unit>
      <unit dataSetInternalID="4">
         <name>kt</name>
         <meanValue>2.0E-4</meanValue>
         <generalComment xml:lang="en">Carat (metric)</generalComment>
      </unit>
      <unit dataSetInternalID="5">
         <name>oz av</name>
         <meanValue>0.028349523125</meanValue>
         <generalComment xml:lang="en">Ounce (avoirdupois); commonly used, but NOT for gold, platinum etc. (see "Ounce (troy)")</generalComment>
      </unit>
      <unit dataSetInternalID="6">
         <name>oz t</name>
         <meanValue>0.0311034768</meanValue>
         <generalComment xml:lang="en">Ounce (troy); ONLY used for gold, platinum etc.</generalComment>
      </unit>
      <unit dataSetInternalID="7">
         <name>sh tn</name>
         <meanValue>907.18474</meanValue>
         <generalComment xml:lang="en">Short ton; some uses in US</generalComment>
      </unit>
      <unit dataSetInternalID="8">
         <name>long tn</name>
         <meanValue>1016.0469088</meanValue>
         <generalComment xml:lang="en">Long ton; only used for displacement of ships</generalComment>
      </unit>
      <unit dataSetInternalID="9">
         <name>g</name>
         <meanValue>0.0010</meanValue>
         <generalComment xml:lang="en">Gram</generalComment>
      </unit>
      <unit dataSetInternalID="10">
         <name>mg</name>
         <meanValue>1.0E-6</meanValue>
         <generalComment xml:lang="en">Milligram; 1/1000 g</generalComment>
      </unit>
      <unit dataSetInternalID="11">
         <name>ug</name>
         <meanValue>1.0E-9</meanValue>
         <generalComment xml:lang="en">Microgram; 1/1000000 g</generalComment>
      </unit>
      <unit dataSetInternalID="12">
         <name>ng</name>
         <meanValue>1.0E-12</meanValue>
         <generalComment xml:lang="en">Nanogram; 1/1000000000 g</generalComment>
      </unit>
      <unit dataSetInternalID="13">
         <name>pg</name>
         <meanValue>1.0E-15</meanValue>
         <generalComment xml:lang="en">Picogram; 10^-12 g</generalComment>
      </unit>
   </units>
</unitGroupDataSet>