<?xml version="1.0" encoding="utf-8"?><?xml-stylesheet version="1.0" href="../../stylesheets/unitgroup2html.xsl" type="text/xsl"?>
<unitGroupDataSet xmlns="http://lca.jrc.it/ILCD/UnitGroup" xmlns:common="http://lca.jrc.it/ILCD/Common" xmlns:xsi="http://www.w3.org/2001/XMLSchema-instance" xsi:schemaLocation="http://lca.jrc.it/ILCD/UnitGroup ../../schemas/ILCD_UnitGroupDataSet.xsd" version="1.1">
   <unitGroupInformation>
      <dataSetInformation>
         <common:UUID>93a60a57-a3c8-12da-a746-0800200c9a66</common:UUID>
         <common:name xml:lang="en">Units of volume</common:name>
         <classificationInformation>
            <common:classification>
               <common:class level="0">Technical unit groups</common:class>
            </common:classification>
         </classificationInformation>
         <common:generalComment xml:lang="en">Reference Unit Group Data Set of the International Reference Life Cycle Data System (ILCD).</common:generalComment>
      </dataSetInformation>
      <quantitativeReference>
         <referenceToReferenceUnit>0</referenceToReferenceUnit>
      </quantitativeReference>
   </unitGroupInformation>
   <modellingAndValidation>
      <complianceDeclarations>
         <compliance>
            <common:referenceToComplianceSystem type="source data set" uri="../sources/ILCD_Compliance_88d4f8d9-60f9-43d1-9ea3-329c10d7d727_01.00.000.xml" refObjectId="88d4f8d9-60f9-43d1-9ea3-329c10d7d727" version="01.00.000">
               <common:shortDescription>ILCD Data Network compliance</common:shortDescription>
            </common:referenceToComplianceSystem>
            <common:approvalOfOverallCompliance>Fully compliant</common:approvalOfOverallCompliance>
         </compliance>
      </complianceDeclarations>
   </modellingAndValidation>
   <administrativeInformation>
      <dataEntryBy>
         <common:timeStamp>2008-01-05T17:31:50.642+01:00</common:timeStamp>
         <common:referenceToDataSetFormat type="source data set" uri="../sources/ILCD_Format_a97a0155-0234-4b87-b4ce-a45da52f2a40_01.00.000.xml" refObjectId="a97a0155-0234-4b87-b4ce-a45da52f2a40" version="01.00.000">
            <common:shortDescription>ILCD format</common:shortDescription>
         </common:referenceToDataSetFormat>
      </dataEntryBy>
      <publicationAndOwnership>
         <common:dataSetVersion>02.00.000</common:dataSetVersion>
         <common:permanentDataSetURI>http://lca.jrc.ec.europa.eu/lcainfohub/datasets/ilcd/unitgroups/Units_of_volume_93a60a57-a3c8-12da-a746-0800200c9a66_02.00.000.xml</common:permanentDataSetURI>
      </publicationAndOwnership>
   </administrativeInformation>
   <units>
      <unit dataSetInternalID="0">
         <name>m3</name>
         <meanValue>1.0</meanValue>
         <generalComment xml:lang="en">Cubic metre</generalComment>
      </unit>
      <unit dataSetInternalID="1">
         <name>l</name>
         <meanValue>0.0010</meanValue>
         <generalComment xml:lang="en">Litre</generalComment>
      </unit>
      <unit dataSetInternalID="2">
         <name>gal (US dry)</name>
         <meanValue>0.00440488377086</meanValue>
         <generalComment xml:lang="en">Gallon (US dry)</generalComment>
      </unit>
      <unit dataSetInternalID="3">
         <name>gal (US liq)</name>
         <meanValue>0.003785412</meanValue>
         <generalComment xml:lang="en">Gallon (US liquid)</generalComment>
      </unit>
      <unit dataSetInternalID="4">
         <name>cu ft</name>
         <meanValue>0.028316846592</meanValue>
         <generalComment xml:lang="en">Cubic feet</generalComment>
      </unit>
      <unit dataSetInternalID="5">
         <name>fl oz (Imp)</name>
         <meanValue>2.84130625E-5</meanValue>
         <generalComment xml:lang="en">Fluid ounce (Imperial)</generalComment>
      </unit>
      <unit dataSetInternalID="6">
         <name>US fl oz</name>
         <meanValue>2.95735295625E-5</meanValue>
         <generalComment xml:lang="en">US customary fluid ounce</generalComment>
      </unit>
      <unit dataSetInternalID="7">
         <name>pt (Imp)</name>
         <meanValue>5.6826125E-4</meanValue>
         <generalComment xml:lang="en">Pint (Imperial)</generalComment>
      </unit>
      <unit dataSetInternalID="8">
         <name>pt (US fl)</name>
         <meanValue>4.73176473E-4</meanValue>
         <generalComment xml:lang="en">Pint (US fluid)</generalComment>
      </unit>
      <unit dataSetInternalID="9">
         <name>pt (US dry)</name>
         <meanValue>5.506104713575E-4</meanValue>
         <generalComment xml:lang="en">Pint (US dry)</generalComment>
      </unit>
      <unit dataSetInternalID="10">
         <name>gal (US fl)</name>
         <meanValue>0.003785411784</meanValue>
         <generalComment xml:lang="en">Gallon (US fluid); used in US e.g. for fuel</generalComment>
      </unit>
      <unit dataSetInternalID="11">
         <name>gal (Imp)</name>
         <meanValue>0.00454609</meanValue>
         <generalComment xml:lang="en">Gallon (Imperial); used in UK, United Arab Emirates for fuels</generalComment>
      </unit>
      <unit dataSetInternalID="12">
         <name>bsh (US)</name>
         <meanValue>0.03523907017</meanValue>
         <generalComment xml:lang="en">US bushel</generalComment>
      </unit>
      <unit dataSetInternalID="13">
         <name>bsh (Imp)</name>
         <meanValue>0.03636872</meanValue>
         <generalComment xml:lang="en">Imperial bushel</generalComment>
      </unit>
      <unit dataSetInternalID="14">
         <name>ml</name>
         <meanValue>1.0E-6</meanValue>
         <generalComment xml:lang="en">Millilitre</generalComment>
      </unit>
      <unit dataSetInternalID="15">
         <name>ul</name>
         <meanValue>1.0E-9</meanValue>
         <generalComment xml:lang="en">Microlitre</generalComment>
      </unit>
      <unit dataSetInternalID="16">
         <name>bbl</name>
         <meanValue>0.158987294928</meanValue>
         <generalComment xml:lang="en">Barrel (petroleum)</generalComment>
      </unit>
      <unit dataSetInternalID="17">
         <name>bl (US beer)</name>
         <meanValue>0.1173477</meanValue>
         <generalComment xml:lang="en">Barrel (US beer)</generalComment>
      </unit>
      <unit dataSetInternalID="18">
         <name>bl (US fl)</name>
         <meanValue>0.119240471196</meanValue>
         <generalComment xml:lang="en">Barrel (US non-beer fluid)</generalComment>
      </unit>
      <unit dataSetInternalID="19">
         <name>bl (Imp)</name>
         <meanValue>0.16365924</meanValue>
         <generalComment xml:lang="en">Barrel (Imperial)</generalComment>
      </unit>
      <unit dataSetInternalID="20">
         <name>bl (US dry)</name>
         <meanValue>0.115628198985075</meanValue>
         <generalComment xml:lang="en">Barrel (US dry)</generalComment>
      </unit>
   </units>
</unitGroupDataSet>