<?xml version="1.0" encoding="utf-8"?>
<?xml-stylesheet version="1.0" href="../../stylesheets/unitgroup2html.xsl" type="text/xsl"?>
<unitGroupDataSet xmlns="http://lca.jrc.it/ILCD/UnitGroup" xmlns:common="http://lca.jrc.it/ILCD/Common" xmlns:xsi="http://www.w3.org/2001/XMLSchema-instance" xsi:schemaLocation="http://lca.jrc.it/ILCD/UnitGroup ../../schemas/ILCD_UnitGroupDataSet.xsd" version="1.1">
  <unitGroupInformation>
    <dataSetInformation>
      <common:UUID>ad38d542-3fe9-439d-9b95-2f5f7752acaf</common:UUID>
      <common:name xml:lang="en">Unit of mass</common:name>
      <classificationInformation>
        <common:classification name="GaBiCategories" classes="../GaBiCategories.xml">
          <common:class level="0" classId="27380f43-ce1e-4a26-88d4-88ed91307620">Units</common:class>
          <common:class level="1" classId="30c118c5-1fb2-4c6d-93e3-5450c9698f1e">Technical units</common:class>
        </common:classification>
      </classificationInformation>
    </dataSetInformation>
    <quantitativeReference>
      <referenceToReferenceUnit>0</referenceToReferenceUnit>
    </quantitativeReference>
  </unitGroupInformation>
  <modellingAndValidation>
    <complianceDeclarations>
      <compliance>
        <common:referenceToComplianceSystem refObjectId="9ba3ac1e-6797-4cc0-afd5-1b8f7bf28c6a" version="03.00.000" type="source data set" uri="../sources/9ba3ac1e-6797-4cc0-afd5-1b8f7bf28c6a.xml">
          <common:shortDescription xml:lang="en">ILCD compliance 1.1</common:shortDescription>
        </common:referenceToComplianceSystem>
        <common:approvalOfOverallCompliance>Fully compliant</common:approvalOfOverallCompliance>
      </compliance>
    </complianceDeclarations>
  </modellingAndValidation>
  <administrativeInformation>
    <dataEntryBy>
      <common:timeStamp>2011-11-01T00:00:00+01:00</common:timeStamp>
      <common:referenceToDataSetFormat refObjectId="a97a0155-0234-4b87-b4ce-a45da52f2a40" version="03.00.000" type="source data set" uri="../sources/a97a0155-0234-4b87-b4ce-a45da52f2a40.xml">
        <common:shortDescription xml:lang="en">ILCD format 1.1</common:shortDescription>
      </common:referenceToDataSetFormat>
    </dataEntryBy>
    <publicationAndOwnership>
      <common:dataSetVersion>03.00.000</common:dataSetVersion>
    </publicationAndOwnership>
  </administrativeInformation>
  <units>
    <unit dataSetInternalID="0">
      <name>kg</name>
      <meanValue>1</meanValue>
    </unit>
    <unit dataSetInternalID="1">
      <name>centner</name>
      <meanValue>0.02</meanValue>
    </unit>
    <unit dataSetInternalID="2">
      <name>g</name>
      <meanValue>1000</meanValue>
    </unit>
    <unit dataSetInternalID="3">
      <name>lb</name>
      <meanValue>2.2046</meanValue>
    </unit>
    <unit dataSetInternalID="4">
      <name>long ton</name>
      <meanValue>0.00098421</meanValue>
    </unit>
    <unit dataSetInternalID="5">
      <name>metric Carat</name>
      <meanValue>5000</meanValue>
    </unit>
    <unit dataSetInternalID="6">
      <name>mg</name>
      <meanValue>1000000</meanValue>
    </unit>
    <unit dataSetInternalID="7">
      <name>oz</name>
      <meanValue>35.274</meanValue>
    </unit>
    <unit dataSetInternalID="8">
      <name>short ton</name>
      <meanValue>0.0011023</meanValue>
    </unit>
    <unit dataSetInternalID="9">
      <name>t</name>
      <meanValue>0.001</meanValue>
    </unit>
    <unit dataSetInternalID="10">
      <name>u</name>
      <meanValue>6.0221E26</meanValue>
    </unit>
  </units>
</unitGroupDataSet>
