<?xml version="1.0" encoding="utf-8"?><?xml-stylesheet version="1.0" href="../../stylesheets/unitgroup2html.xsl" type="text/xsl"?>
<unitGroupDataSet xmlns="http://lca.jrc.it/ILCD/UnitGroup" xmlns:common="http://lca.jrc.it/ILCD/Common" xmlns:xsi="http://www.w3.org/2001/XMLSchema-instance"
  xsi:schemaLocation="http://lca.jrc.it/ILCD/UnitGroup ../../schemas/ILCD_UnitGroupDataSet.xsd" version="1.1">
  <unitGroupInformation>
    <dataSetInformation>
      <common:UUID>b4cac580-5ce8-11df-a08a-0800200c9a66</common:UUID>
      <common:name xml:lang="en">Units of length*time</common:name>
      <classificationInformation>
        <common:classification>
          <common:class level="0">Technical unit groups</common:class>
        </common:classification>
      </classificationInformation>
      <common:generalComment xml:lang="en">This is NOT an ILCD reference unit group.</common:generalComment>
    </dataSetInformation>
    <quantitativeReference>
      <referenceToReferenceUnit>0</referenceToReferenceUnit>
    </quantitativeReference>
  </unitGroupInformation>
  <modellingAndValidation>
    <complianceDeclarations>
      <compliance>
        <common:referenceToComplianceSystem type="source data set" uri="../sources/88d4f8d9-60f9-43d1-9ea3-329c10d7d727.xml" refObjectId="88d4f8d9-60f9-43d1-9ea3-329c10d7d727">
          <common:shortDescription>ILCD Data Network compliance</common:shortDescription>
        </common:referenceToComplianceSystem>
        <common:approvalOfOverallCompliance>Fully compliant</common:approvalOfOverallCompliance>
      </compliance>
    </complianceDeclarations>
  </modellingAndValidation>
  <administrativeInformation>
    <dataEntryBy>
      <common:timeStamp>2008-02-15T12:06:33.617+01:00</common:timeStamp>
      <common:referenceToDataSetFormat type="source data set" uri="../sources/a97a0155-0234-4b87-b4ce-a45da52f2a40.xml" refObjectId="a97a0155-0234-4b87-b4ce-a45da52f2a40">
        <common:shortDescription>ILCD format</common:shortDescription>
      </common:referenceToDataSetFormat>
    </dataEntryBy>
    <publicationAndOwnership>
      <common:dataSetVersion>02.00.000</common:dataSetVersion>
      <common:permanentDataSetURI>http://lca.jrc.ec.europa.eu/lcainfohub/datasets/ilcd/unitgroups/Units_of_items_length_5454b231-270e-45e6-89b2-7f4f3e482245.xml</common:permanentDataSetURI>
    </publicationAndOwnership>
  </administrativeInformation>
  <units>
    <unit dataSetInternalID="0">
      <name>m*a</name>
      <meanValue>1.0</meanValue>
      <generalComment xml:lang="en">Meters times year</generalComment>
    </unit>
  </units>
</unitGroupDataSet>
