<?xml version="1.0" encoding="utf-8"?>
<?xml-stylesheet version="1.0" href="../../stylesheets/unitgroup2html.xsl" type="text/xsl"?>
<unitGroupDataSet xmlns="http://lca.jrc.it/ILCD/UnitGroup" xmlns:common="http://lca.jrc.it/ILCD/Common" xmlns:xsi="http://www.w3.org/2001/XMLSchema-instance" xsi:schemaLocation="http://lca.jrc.it/ILCD/UnitGroup ../../schemas/ILCD_UnitGroupDataSet.xsd" version="1.1">
  <unitGroupInformation>
    <dataSetInformation>
      <common:UUID>cd950537-0a98-4044-9ba7-9f9a68d0a504</common:UUID>
      <common:name xml:lang="en">Unit of volume</common:name>
      <classificationInformation>
        <common:classification name="GaBiCategories" classes="../GaBiCategories.xml">
          <common:class level="0" classId="27380f43-ce1e-4a26-88d4-88ed91307620">Units</common:class>
          <common:class level="1" classId="30c118c5-1fb2-4c6d-93e3-5450c9698f1e">Technical units</common:class>
        </common:classification>
      </classificationInformation>
    </dataSetInformation>
    <quantitativeReference>
      <referenceToReferenceUnit>0</referenceToReferenceUnit>
    </quantitativeReference>
  </unitGroupInformation>
  <modellingAndValidation>
    <complianceDeclarations>
      <compliance>
        <common:referenceToComplianceSystem refObjectId="9ba3ac1e-6797-4cc0-afd5-1b8f7bf28c6a" version="03.00.000" type="source data set" uri="../sources/9ba3ac1e-6797-4cc0-afd5-1b8f7bf28c6a.xml">
          <common:shortDescription xml:lang="en">ILCD compliance 1.1</common:shortDescription>
        </common:referenceToComplianceSystem>
        <common:approvalOfOverallCompliance>Fully compliant</common:approvalOfOverallCompliance>
      </compliance>
    </complianceDeclarations>
  </modellingAndValidation>
  <administrativeInformation>
    <dataEntryBy>
      <common:timeStamp>2011-11-01T00:00:00+01:00</common:timeStamp>
      <common:referenceToDataSetFormat refObjectId="a97a0155-0234-4b87-b4ce-a45da52f2a40" version="03.00.000" type="source data set" uri="../sources/a97a0155-0234-4b87-b4ce-a45da52f2a40.xml">
        <common:shortDescription xml:lang="en">ILCD format 1.1</common:shortDescription>
      </common:referenceToDataSetFormat>
    </dataEntryBy>
    <publicationAndOwnership>
      <common:dataSetVersion>03.00.000</common:dataSetVersion>
    </publicationAndOwnership>
  </administrativeInformation>
  <units>
    <unit dataSetInternalID="0">
      <name>m3</name>
      <meanValue>1</meanValue>
    </unit>
    <unit dataSetInternalID="1">
      <name>bushel</name>
      <meanValue>27.496</meanValue>
    </unit>
    <unit dataSetInternalID="2">
      <name>ft3</name>
      <meanValue>35.315</meanValue>
    </unit>
    <unit dataSetInternalID="3">
      <name>gal (UK)</name>
      <meanValue>219.97</meanValue>
    </unit>
    <unit dataSetInternalID="4">
      <name>gal (US)</name>
      <meanValue>264.2</meanValue>
    </unit>
    <unit dataSetInternalID="5">
      <name>in3</name>
      <meanValue>61023.74</meanValue>
    </unit>
    <unit dataSetInternalID="6">
      <name>l</name>
      <meanValue>1000</meanValue>
    </unit>
    <unit dataSetInternalID="7">
      <name>yd3</name>
      <meanValue>1.308</meanValue>
    </unit>
  </units>
</unitGroupDataSet>
