<?xml version="1.0" encoding="utf-8"?><?xml-stylesheet version="1.0" href="../../stylesheets/unitgroup2html.xsl" type="text/xsl"?>
<unitGroupDataSet xmlns="http://lca.jrc.it/ILCD/UnitGroup" xmlns:common="http://lca.jrc.it/ILCD/Common" xmlns:xsi="http://www.w3.org/2001/XMLSchema-instance" xsi:schemaLocation="http://lca.jrc.it/ILCD/UnitGroup ../../schemas/ILCD_UnitGroupDataSet.xsd" version="1.1">
   <unitGroupInformation>
      <dataSetInformation>
         <common:UUID>da299c4d-1741-4da8-9fbd-5ccfb5e1d688</common:UUID>
         <common:name xml:lang="en">Units of currency 2000</common:name>
         <classificationInformation>
            <common:classification>
               <common:class level="0">Economic unit groups</common:class>
            </common:classification>
         </classificationInformation>
         <common:generalComment xml:lang="en">Reference Unit Group Data Set of the International Reference Life Cycle Data System (ILCD).</common:generalComment>
      </dataSetInformation>
      <quantitativeReference>
         <referenceToReferenceUnit>0</referenceToReferenceUnit>
      </quantitativeReference>
   </unitGroupInformation>
   <modellingAndValidation>
      <complianceDeclarations>
         <compliance>
            <common:referenceToComplianceSystem type="source data set" uri="../sources/ILCD_Compliance_88d4f8d9-60f9-43d1-9ea3-329c10d7d727_01.00.000.xml" refObjectId="88d4f8d9-60f9-43d1-9ea3-329c10d7d727" version="01.00.000">
               <common:shortDescription>ILCD Data Network compliance</common:shortDescription>
            </common:referenceToComplianceSystem>
            <common:approvalOfOverallCompliance>Fully compliant</common:approvalOfOverallCompliance>
         </compliance>
      </complianceDeclarations>
   </modellingAndValidation>
   <administrativeInformation>
      <dataEntryBy>
         <common:timeStamp>2008-01-05T17:23:40.827+01:00</common:timeStamp>
         <common:referenceToDataSetFormat type="source data set" uri="../sources/ILCD_Format_a97a0155-0234-4b87-b4ce-a45da52f2a40_01.00.000.xml" refObjectId="a97a0155-0234-4b87-b4ce-a45da52f2a40" version="01.00.000">
            <common:shortDescription>ILCD format</common:shortDescription>
         </common:referenceToDataSetFormat>
      </dataEntryBy>
      <publicationAndOwnership>
         <common:dataSetVersion>02.00.000</common:dataSetVersion>
         <common:permanentDataSetURI>http://lca.jrc.ec.europa.eu/lcainfohub/datasets/ilcd/unitgroups/Units_of_currency_2000_da299c4d-1741-4da8-9fbd-5ccfb5e1d688_02.00.000.xml</common:permanentDataSetURI>
      </publicationAndOwnership>
   </administrativeInformation>
   <units>
      <unit dataSetInternalID="0">
         <name>EUR</name>
         <meanValue>1.0</meanValue>
         <generalComment xml:lang="en">Euro</generalComment>
      </unit>
      <unit dataSetInternalID="1">
         <name>USD</name>
         <meanValue>1.1</meanValue>
         <generalComment xml:lang="en">US dollar</generalComment>
      </unit>
      <unit dataSetInternalID="2">
         <name>JPY</name>
         <meanValue>0.01</meanValue>
         <generalComment xml:lang="en">Japanese yen</generalComment>
      </unit>
      <unit dataSetInternalID="6">
         <name>AUD</name>
         <meanValue>0.63</meanValue>
         <generalComment xml:lang="en">Australian dollar</generalComment>
      </unit>
      <unit dataSetInternalID="7">
         <name>CAD</name>
         <meanValue>0.73</meanValue>
         <generalComment xml:lang="en">Canadian dollar</generalComment>
      </unit>
      <unit dataSetInternalID="8">
         <name>DKK</name>
         <meanValue>0.134</meanValue>
         <generalComment xml:lang="en">Danish krone</generalComment>
      </unit>
      <unit dataSetInternalID="9">
         <name>CZK</name>
         <meanValue>0.028</meanValue>
         <generalComment xml:lang="en">Czech coruna</generalComment>
      </unit>
      <unit dataSetInternalID="11">
         <name>CHF</name>
         <meanValue>0.64</meanValue>
         <generalComment xml:lang="en">Swiss franc</generalComment>
      </unit>
      <unit dataSetInternalID="12">
         <name>EEK</name>
         <meanValue>0.064</meanValue>
         <generalComment xml:lang="en">Estonian kroon</generalComment>
      </unit>
      <unit dataSetInternalID="13">
         <name>GBP</name>
         <meanValue>1.65</meanValue>
         <generalComment xml:lang="en">Pound sterling</generalComment>
      </unit>
      <unit dataSetInternalID="15">
         <name>HUF</name>
         <meanValue>0.0038</meanValue>
         <generalComment xml:lang="en">Hungarian forint</generalComment>
      </unit>
      <unit dataSetInternalID="16">
         <name>ISK</name>
         <meanValue>0.0136</meanValue>
         <generalComment xml:lang="en">Iceland krona</generalComment>
      </unit>
      <unit dataSetInternalID="17">
         <name>KRW</name>
         <meanValue>9.5E-4</meanValue>
         <generalComment xml:lang="en">South Korean won</generalComment>
      </unit>
      <unit dataSetInternalID="18">
         <name>LTL</name>
         <meanValue>0.27</meanValue>
         <generalComment xml:lang="en">Lithuanian litas</generalComment>
      </unit>
      <unit dataSetInternalID="19">
         <name>LVL</name>
         <meanValue>1.78</meanValue>
         <generalComment xml:lang="en">Latvian lats</generalComment>
      </unit>
      <unit dataSetInternalID="22">
         <name>NOK</name>
         <meanValue>0.12</meanValue>
         <generalComment xml:lang="en">Norwegian krone</generalComment>
      </unit>
      <unit dataSetInternalID="25">
         <name>SEK</name>
         <meanValue>0.12</meanValue>
         <generalComment xml:lang="en">Swedish krona</generalComment>
      </unit>
      <unit dataSetInternalID="28">
         <name>ZAR</name>
         <meanValue>0.156</meanValue>
         <generalComment xml:lang="en">South African rand</generalComment>
      </unit>
   </units>
</unitGroupDataSet>