<?xml version="1.0" encoding="utf-8"?>
<?xml-stylesheet version="1.0" href="../../stylesheets/unitgroup2html.xsl" type="text/xsl"?>
<unitGroupDataSet xmlns="http://lca.jrc.it/ILCD/UnitGroup" xmlns:common="http://lca.jrc.it/ILCD/Common" xmlns:xsi="http://www.w3.org/2001/XMLSchema-instance" xsi:schemaLocation="http://lca.jrc.it/ILCD/UnitGroup ../../schemas/ILCD_UnitGroupDataSet.xsd" version="1.1">
  <unitGroupInformation>
    <dataSetInformation>
      <common:UUID>de5104d8-3de0-4218-a29d-b7123ce9ca3c</common:UUID>
      <common:name xml:lang="en">Unit of energy</common:name>
      <classificationInformation>
        <common:classification name="GaBiCategories" classes="../GaBiCategories.xml">
          <common:class level="0" classId="27380f43-ce1e-4a26-88d4-88ed91307620">Units</common:class>
          <common:class level="1" classId="30c118c5-1fb2-4c6d-93e3-5450c9698f1e">Technical units</common:class>
        </common:classification>
      </classificationInformation>
    </dataSetInformation>
    <quantitativeReference>
      <referenceToReferenceUnit>0</referenceToReferenceUnit>
    </quantitativeReference>
  </unitGroupInformation>
  <modellingAndValidation>
    <complianceDeclarations>
      <compliance>
        <common:referenceToComplianceSystem refObjectId="9ba3ac1e-6797-4cc0-afd5-1b8f7bf28c6a" version="03.00.000" type="source data set" uri="../sources/9ba3ac1e-6797-4cc0-afd5-1b8f7bf28c6a.xml">
          <common:shortDescription xml:lang="en">ILCD compliance 1.1</common:shortDescription>
        </common:referenceToComplianceSystem>
        <common:approvalOfOverallCompliance>Fully compliant</common:approvalOfOverallCompliance>
      </compliance>
    </complianceDeclarations>
  </modellingAndValidation>
  <administrativeInformation>
    <dataEntryBy>
      <common:timeStamp>2012-11-01T00:00:00+01:00</common:timeStamp>
      <common:referenceToDataSetFormat refObjectId="a97a0155-0234-4b87-b4ce-a45da52f2a40" version="03.00.000" type="source data set" uri="../sources/a97a0155-0234-4b87-b4ce-a45da52f2a40.xml">
        <common:shortDescription xml:lang="en">ILCD format 1.1</common:shortDescription>
      </common:referenceToDataSetFormat>
    </dataEntryBy>
    <publicationAndOwnership>
      <common:dataSetVersion>03.00.000</common:dataSetVersion>
    </publicationAndOwnership>
  </administrativeInformation>
  <units>
    <unit dataSetInternalID="0">
      <name>MJ</name>
      <meanValue>1</meanValue>
    </unit>
    <unit dataSetInternalID="1">
      <name>Btu</name>
      <meanValue>947.78</meanValue>
    </unit>
    <unit dataSetInternalID="2">
      <name>cal</name>
      <meanValue>238850</meanValue>
    </unit>
    <unit dataSetInternalID="3">
      <name>erg</name>
      <meanValue>10000000000000</meanValue>
    </unit>
    <unit dataSetInternalID="4">
      <name>eV</name>
      <meanValue>6.2414E24</meanValue>
    </unit>
    <unit dataSetInternalID="5">
      <name>GJ</name>
      <meanValue>0.001</meanValue>
    </unit>
    <unit dataSetInternalID="6">
      <name>GWh</name>
      <meanValue>2.7778E-7</meanValue>
    </unit>
    <unit dataSetInternalID="7">
      <name>J</name>
      <meanValue>1000000</meanValue>
    </unit>
    <unit dataSetInternalID="8">
      <name>kJ</name>
      <meanValue>1000</meanValue>
    </unit>
    <unit dataSetInternalID="9">
      <name>kpm</name>
      <meanValue>101970</meanValue>
    </unit>
    <unit dataSetInternalID="10">
      <name>kWh</name>
      <meanValue>0.27778</meanValue>
    </unit>
    <unit dataSetInternalID="11">
      <name>MWh</name>
      <meanValue>0.00027778</meanValue>
    </unit>
    <unit dataSetInternalID="12">
      <name>Nm</name>
      <meanValue>1000000</meanValue>
    </unit>
    <unit dataSetInternalID="13">
      <name>PJ</name>
      <meanValue>1E-9</meanValue>
    </unit>
    <unit dataSetInternalID="14">
      <name>PSh</name>
      <meanValue>377670</meanValue>
    </unit>
    <unit dataSetInternalID="15">
      <name>TJ</name>
      <meanValue>1E-6</meanValue>
    </unit>
    <unit dataSetInternalID="16">
      <name>TOE</name>
      <meanValue>2.3885E-5</meanValue>
    </unit>
    <unit dataSetInternalID="17">
      <name>TWh</name>
      <meanValue>2.7778E-10</meanValue>
    </unit>
    <unit dataSetInternalID="18">
      <name>MMBtu</name>
      <meanValue>0.000947867298578199</meanValue>
    </unit>
  </units>
</unitGroupDataSet>
