<?xml version="1.0" encoding="utf-8"?>
<?xml-stylesheet version="1.0" href="../../stylesheets/flowproperty2html.xsl" type="text/xsl"?>
<flowPropertyDataSet xmlns="http://lca.jrc.it/ILCD/FlowProperty" xmlns:common="http://lca.jrc.it/ILCD/Common" xmlns:xsi="http://www.w3.org/2001/XMLSchema-instance" xsi:schemaLocation="http://lca.jrc.it/ILCD/FlowProperty ../../schemas/ILCD_FlowPropertyDataSet.xsd" version="1.1">
  <flowPropertiesInformation>
    <dataSetInformation>
      <common:UUID>16be4f65-1df1-4233-ad47-838fa7fb1955</common:UUID>
      <common:name xml:lang="en">Lead (unspecified)</common:name>
      <classificationInformation>
        <common:classification name="GaBiCategories" classes="../GaBiCategories.xml">
          <common:class level="0" classId="f9ec79e6-9fdd-4691-9c05-04e9fa45fb14">Quantities</common:class>
          <common:class level="1" classId="c665352a-123d-410a-8516-e06c35fdd023">Technical quantities</common:class>
          <common:class level="2" classId="b8bd4b2f-7ac8-4c64-bd3c-a9917af45da3">VDA material classification</common:class>
          <common:class level="3" classId="5ce11ae8-6b94-41b2-aa54-9d58a0cac09c">3 Nonferrous heavy metals, cast and wrought alloys</common:class>
          <common:class level="4" classId="36e106b9-d8cf-4bba-be1e-c385f2bf11a0">3.5 Lead</common:class>
        </common:classification>
      </classificationInformation>
    </dataSetInformation>
    <quantitativeReference>
      <referenceToReferenceUnitGroup refObjectId="ad38d542-3fe9-439d-9b95-2f5f7752acaf" version="24.00.000" type="unit group data set" uri="../unitgroups/ad38d542-3fe9-439d-9b95-2f5f7752acaf.xml">
        <common:shortDescription xml:lang="en">Unit of mass</common:shortDescription>
      </referenceToReferenceUnitGroup>
    </quantitativeReference>
  </flowPropertiesInformation>
  <modellingAndValidation>
    <dataSourcesTreatmentAndRepresentativeness/>
    <complianceDeclarations>
      <compliance>
        <common:referenceToComplianceSystem refObjectId="9ba3ac1e-6797-4cc0-afd5-1b8f7bf28c6a" version="03.00.000" type="source data set" uri="../sources/9ba3ac1e-6797-4cc0-afd5-1b8f7bf28c6a.xml">
          <common:shortDescription xml:lang="en">ILCD compliance 1.1</common:shortDescription>
        </common:referenceToComplianceSystem>
        <common:approvalOfOverallCompliance>Fully compliant</common:approvalOfOverallCompliance>
      </compliance>
    </complianceDeclarations>
  </modellingAndValidation>
  <administrativeInformation>
    <dataEntryBy>
      <common:timeStamp>2011-10-31T23:00:00+01:00</common:timeStamp>
      <common:referenceToDataSetFormat refObjectId="a97a0155-0234-4b87-b4ce-a45da52f2a40" version="03.00.000" type="source data set" uri="../sources/a97a0155-0234-4b87-b4ce-a45da52f2a40.xml">
        <common:shortDescription xml:lang="en">ILCD format 1.1</common:shortDescription>
      </common:referenceToDataSetFormat>
    </dataEntryBy>
    <publicationAndOwnership>
      <common:dataSetVersion>24.00.000</common:dataSetVersion>
    </publicationAndOwnership>
  </administrativeInformation>
</flowPropertyDataSet>
