<?xml version="1.0" encoding="utf-8"?>
<?xml-stylesheet version="1.0" href="../../stylesheets/flowproperty2html.xsl" type="text/xsl"?>
<flowPropertyDataSet xmlns="http://lca.jrc.it/ILCD/FlowProperty" xmlns:common="http://lca.jrc.it/ILCD/Common" xmlns:xsi="http://www.w3.org/2001/XMLSchema-instance" xsi:schemaLocation="http://lca.jrc.it/ILCD/FlowProperty ../../schemas/ILCD_FlowPropertyDataSet.xsd" version="1.1">
  <flowPropertiesInformation>
    <dataSetInformation>
      <common:UUID>42d61e3c-cd69-4ff1-a4f8-b20ef91aa8c5</common:UUID>
      <common:name xml:lang="en">Water (net water consumption)</common:name>
      <classificationInformation>
        <common:classification name="GaBiCategories" classes="../GaBiCategories.xml">
          <common:class level="0" classId="f9ec79e6-9fdd-4691-9c05-04e9fa45fb14">Quantities</common:class>
          <common:class level="1" classId="c665352a-123d-410a-8516-e06c35fdd023">Technical quantities</common:class>
        </common:classification>
      </classificationInformation>
      <common:generalComment xml:lang="en">Different problems of the Quantity are not covered/solved yet within the quantity:
1. Water contained in products, byproducts adn solid wastes
2. Spatial differentiation is not covered e.g. removed from one water shed and released into another (e.g. Rhein - Donau)
KEEP IN MIND THIS IS A LCI NOT AN LCIA QUANTITY
Genrated by: Ku</common:generalComment>
    </dataSetInformation>
    <quantitativeReference>
      <referenceToReferenceUnitGroup refObjectId="ad38d542-3fe9-439d-9b95-2f5f7752acaf" version="22.00.000" type="unit group data set" uri="../unitgroups/ad38d542-3fe9-439d-9b95-2f5f7752acaf.xml">
        <common:shortDescription xml:lang="en">Unit of mass</common:shortDescription>
      </referenceToReferenceUnitGroup>
    </quantitativeReference>
  </flowPropertiesInformation>
  <modellingAndValidation>
    <dataSourcesTreatmentAndRepresentativeness/>
    <complianceDeclarations>
      <compliance>
        <common:referenceToComplianceSystem refObjectId="9ba3ac1e-6797-4cc0-afd5-1b8f7bf28c6a" version="03.00.000" type="source data set" uri="../sources/9ba3ac1e-6797-4cc0-afd5-1b8f7bf28c6a.xml">
          <common:shortDescription xml:lang="en">ILCD compliance 1.1</common:shortDescription>
        </common:referenceToComplianceSystem>
        <common:approvalOfOverallCompliance>Fully compliant</common:approvalOfOverallCompliance>
      </compliance>
    </complianceDeclarations>
  </modellingAndValidation>
  <administrativeInformation>
    <dataEntryBy>
      <common:timeStamp>2012-04-12T10:48:09+01:00</common:timeStamp>
      <common:referenceToDataSetFormat refObjectId="a97a0155-0234-4b87-b4ce-a45da52f2a40" version="03.00.000" type="source data set" uri="../sources/a97a0155-0234-4b87-b4ce-a45da52f2a40.xml">
        <common:shortDescription xml:lang="en">ILCD format 1.1</common:shortDescription>
      </common:referenceToDataSetFormat>
    </dataEntryBy>
    <publicationAndOwnership>
      <common:dataSetVersion>22.00.000</common:dataSetVersion>
    </publicationAndOwnership>
  </administrativeInformation>
</flowPropertyDataSet>
