<?xml version="1.0" encoding="utf-8"?><?xml-stylesheet version="1.0.1" href="../../stylesheets/flowproperty2html.xsl" type="text/xsl"?>
<flowPropertyDataSet xmlns="http://lca.jrc.it/ILCD/FlowProperty" xmlns:common="http://lca.jrc.it/ILCD/Common" xmlns:xsi="http://www.w3.org/2001/XMLSchema-instance" xsi:schemaLocation="http://lca.jrc.it/ILCD/FlowProperty ../../schemas/ILCD_FlowPropertyDataSet.xsd" version="1.1">
   <flowPropertiesInformation>
      <dataSetInformation>
         <common:UUID>4872c95a-5f78-4572-883b-e076187ad87c</common:UUID>
         <common:name xml:lang="en">Person transport</common:name>
         <classificationInformation>
            <common:classification>
               <common:class level="0">Technical flow properties</common:class>
            </common:classification>
         </classificationInformation>
         <common:generalComment xml:lang="en">This is NOT an ILCD reference flow property.</common:generalComment>
      </dataSetInformation>
      <quantitativeReference>
         <referenceToReferenceUnitGroup uri="../unitgroups/5454b231-270e-45e6-89b2-7f4f3e482245.xml" type="unit group data set" version="02.00.000" refObjectId="5454b231-270e-45e6-89b2-7f4f3e482245">
            <common:shortDescription xml:lang="en">Units of items*length</common:shortDescription>
         </referenceToReferenceUnitGroup>
      </quantitativeReference>
   </flowPropertiesInformation>
   <modellingAndValidation>
      <complianceDeclarations>
         <compliance>
            <common:referenceToComplianceSystem type="source data set" uri="../sources/ILCD_Compliance_88d4f8d9-60f9-43d1-9ea3-329c10d7d727.xml" refObjectId="88d4f8d9-60f9-43d1-9ea3-329c10d7d727" version="01.00.000">
               <common:shortDescription>ILCD Data Network compliance</common:shortDescription>
            </common:referenceToComplianceSystem>
            <common:approvalOfOverallCompliance>Fully compliant</common:approvalOfOverallCompliance>
         </compliance>
      </complianceDeclarations>
   </modellingAndValidation>
   <administrativeInformation>
      <dataEntryBy>
         <common:timeStamp>2008-12-05T18:14:53.423+01:00</common:timeStamp>
         <common:referenceToDataSetFormat type="source data set" uri="../sources/ILCD_Format_a97a0155-0234-4b87-b4ce-a45da52f2a40.xml" refObjectId="a97a0155-0234-4b87-b4ce-a45da52f2a40" version="01.00.000">
            <common:shortDescription>ILCD format</common:shortDescription>
         </common:referenceToDataSetFormat>
      </dataEntryBy>
      <publicationAndOwnership>
         <common:dataSetVersion>02.00.000</common:dataSetVersion>
         <common:permanentDataSetURI>http://openlca.org/converter/ilcd/flowproperties/4872c95a-5f78-4572-883b-e076187ad87c.xml</common:permanentDataSetURI>
      </publicationAndOwnership>
   </administrativeInformation>
</flowPropertyDataSet>