<?xml version="1.0" encoding="utf-8"?><?xml-stylesheet version="1.0.1" href="../../stylesheets/flowproperty2html.xsl" type="text/xsl"?>
<flowPropertyDataSet xmlns="http://lca.jrc.it/ILCD/FlowProperty" xmlns:common="http://lca.jrc.it/ILCD/Common" xmlns:xsi="http://www.w3.org/2001/XMLSchema-instance" xsi:schemaLocation="http://lca.jrc.it/ILCD/FlowProperty ../../schemas/ILCD_FlowPropertyDataSet.xsd" version="1.1">
   <flowPropertiesInformation>
      <dataSetInformation>
         <common:UUID>9b784a67-fbb1-4ad2-8774-30c39643b844</common:UUID>
         <common:name xml:lang="en">Energy ren. (net calorific value)</common:name>
         <classificationInformation>
            <common:classification>
               <common:class level="0">Technical flow properties</common:class>
            </common:classification>
         </classificationInformation>
         <common:generalComment xml:lang="en">Reference Flow Property Data Set of the International Reference Life Cycle Data System (ILCD).</common:generalComment>
      </dataSetInformation>
      <quantitativeReference>
         <referenceToReferenceUnitGroup type="unit group data set" uri="../unitgroups/93a60a57-a3c8-11da-a746-0800200c9a66_02.00.000.xml" refObjectId="93a60a57-a3c8-11da-a746-0800200c9a66" version="02.00.000">
            <common:shortDescription xml:lang="en">Units of energy</common:shortDescription>
         </referenceToReferenceUnitGroup>
      </quantitativeReference>
   </flowPropertiesInformation>
   <modellingAndValidation>
      <complianceDeclarations>
         <compliance>
            <common:referenceToComplianceSystem type="source data set" uri="../sources/ILCD_Compliance_88d4f8d9-60f9-43d1-9ea3-329c10d7d727_01.00.000.xml" refObjectId="88d4f8d9-60f9-43d1-9ea3-329c10d7d727" version="01.00.000">
               <common:shortDescription>ILCD Data Network compliance</common:shortDescription>
            </common:referenceToComplianceSystem>
            <common:approvalOfOverallCompliance>Fully compliant</common:approvalOfOverallCompliance>
         </compliance>
      </complianceDeclarations>
   </modellingAndValidation>
   <administrativeInformation>
      <dataEntryBy>
         <common:timeStamp>2006-02-01T00:00:00+01:00</common:timeStamp>
         <common:referenceToDataSetFormat type="source data set" uri="../sources/ILCD_Format_a97a0155-0234-4b87-b4ce-a45da52f2a40_01.00.000.xml" refObjectId="a97a0155-0234-4b87-b4ce-a45da52f2a40" version="01.00.000">
            <common:shortDescription>ILCD format</common:shortDescription>
         </common:referenceToDataSetFormat>
      </dataEntryBy>
      <publicationAndOwnership>
         <common:dataSetVersion>02.00.000</common:dataSetVersion>
         <common:permanentDataSetURI>http://lca.jrc.ec.europa.eu/lcainfohub/datasets/ilcd/flowproperties/Gross_calorific_value_93a60a56-a3c8-14da-a746-0800200c9a66_02.00.000.xml</common:permanentDataSetURI>
      </publicationAndOwnership>
   </administrativeInformation>
</flowPropertyDataSet>