<?xml version="1.0" encoding="utf-8"?>
<?xml-stylesheet version="1.0" href="../../stylesheets/flowproperty2html.xsl" type="text/xsl"?>
<flowPropertyDataSet xmlns="http://lca.jrc.it/ILCD/FlowProperty" xmlns:common="http://lca.jrc.it/ILCD/Common" xmlns:xsi="http://www.w3.org/2001/XMLSchema-instance" xsi:schemaLocation="http://lca.jrc.it/ILCD/FlowProperty ../../schemas/ILCD_FlowPropertyDataSet.xsd" version="1.1">
  <flowPropertiesInformation>
    <dataSetInformation>
      <common:UUID>e08bcebd-b02f-49b6-a411-ce3817d975b0</common:UUID>
      <common:name xml:lang="en">Cost</common:name>
      <classificationInformation>
        <common:classification name="GaBiCategories" classes="../GaBiCategories.xml">
          <common:class level="0" classId="f9ec79e6-9fdd-4691-9c05-04e9fa45fb14">Quantities</common:class>
          <common:class level="1" classId="eee6b227-d72f-47f7-8335-c73a10f4d454">Economic quantities</common:class>
        </common:classification>
      </classificationInformation>
    </dataSetInformation>
    <quantitativeReference>
      <referenceToReferenceUnitGroup refObjectId="03cc996d-7177-4738-aa32-1572a5172ccc" version="22.00.000" type="unit group data set" uri="../unitgroups/03cc996d-7177-4738-aa32-1572a5172ccc.xml">
        <common:shortDescription xml:lang="en">Unit of currency</common:shortDescription>
      </referenceToReferenceUnitGroup>
    </quantitativeReference>
  </flowPropertiesInformation>
  <modellingAndValidation>
    <dataSourcesTreatmentAndRepresentativeness/>
    <complianceDeclarations>
      <compliance>
        <common:referenceToComplianceSystem refObjectId="9ba3ac1e-6797-4cc0-afd5-1b8f7bf28c6a" version="03.00.000" type="source data set" uri="../sources/9ba3ac1e-6797-4cc0-afd5-1b8f7bf28c6a.xml">
          <common:shortDescription xml:lang="en">ILCD compliance 1.1</common:shortDescription>
        </common:referenceToComplianceSystem>
        <common:approvalOfOverallCompliance>Fully compliant</common:approvalOfOverallCompliance>
      </compliance>
    </complianceDeclarations>
  </modellingAndValidation>
  <administrativeInformation>
    <dataEntryBy>
      <common:timeStamp>2011-11-01T00:00:00+01:00</common:timeStamp>
      <common:referenceToDataSetFormat refObjectId="a97a0155-0234-4b87-b4ce-a45da52f2a40" version="03.00.000" type="source data set" uri="../sources/a97a0155-0234-4b87-b4ce-a45da52f2a40.xml">
        <common:shortDescription xml:lang="en">ILCD format 1.1</common:shortDescription>
      </common:referenceToDataSetFormat>
    </dataEntryBy>
    <publicationAndOwnership>
      <common:dataSetVersion>22.00.000</common:dataSetVersion>
    </publicationAndOwnership>
  </administrativeInformation>
</flowPropertyDataSet>
