<?xml version="1.0" encoding="utf-8"?><?xml-stylesheet version="1.0.1" href="../../stylesheets/flowproperty2html.xsl" type="text/xsl"?>
<flowPropertyDataSet xmlns="http://lca.jrc.it/ILCD/FlowProperty" xmlns:common="http://lca.jrc.it/ILCD/Common" xmlns:xsi="http://www.w3.org/2001/XMLSchema-instance" xsi:schemaLocation="http://lca.jrc.it/ILCD/FlowProperty ../../schemas/ILCD_FlowPropertyDataSet.xsd" version="1.1">
   <flowPropertiesInformation>
      <dataSetInformation>
         <common:UUID>fdfecf14-ff8a-4e17-b2b2-f938c4b5cc27</common:UUID>
         <common:name xml:lang="en">Market value US 2000, bulk prices</common:name>
         <common:synonyms xml:lang="en">Market price US 2000, bulk prices</common:synonyms>
         <classificationInformation>
            <common:classification>
               <common:class level="0">Economic flow properties</common:class>
            </common:classification>
         </classificationInformation>
         <common:generalComment xml:lang="en">Illustrative but fully operative flow property data set for monetary flow properties, provided by the European Platform on LCA.</common:generalComment>
      </dataSetInformation>
      <quantitativeReference>
         <referenceToReferenceUnitGroup uri="../unitgroups/da299c4d-1741-4da8-9fbd-5ccfb5e1d688.xml" type="unit group data set" version="02.00.000" refObjectId="da299c4d-1741-4da8-9fbd-5ccfb5e1d688">
            <common:shortDescription xml:lang="en">Units of currency 2000</common:shortDescription>
         </referenceToReferenceUnitGroup>
      </quantitativeReference>
   </flowPropertiesInformation>
   <modellingAndValidation>
      <complianceDeclarations>
         <compliance>
            <common:referenceToComplianceSystem type="source data set" uri="../sources/ILCD_Compliance_88d4f8d9-60f9-43d1-9ea3-329c10d7d727.xml" refObjectId="88d4f8d9-60f9-43d1-9ea3-329c10d7d727" version="01.00.000">
               <common:shortDescription>ILCD Data Network compliance</common:shortDescription>
            </common:referenceToComplianceSystem>
            <common:approvalOfOverallCompliance>Fully compliant</common:approvalOfOverallCompliance>
         </compliance>
      </complianceDeclarations>
   </modellingAndValidation>
   <administrativeInformation>
      <dataEntryBy>
         <common:timeStamp>2008-01-05T17:35:10.749+01:00</common:timeStamp>
         <common:referenceToDataSetFormat type="source data set" uri="../sources/ILCD_Format_a97a0155-0234-4b87-b4ce-a45da52f2a40.xml" refObjectId="a97a0155-0234-4b87-b4ce-a45da52f2a40" version="01.00.000">
            <common:shortDescription>ILCD format</common:shortDescription>
         </common:referenceToDataSetFormat>
      </dataEntryBy>
      <publicationAndOwnership>
         <common:dataSetVersion>02.00.000</common:dataSetVersion>
         <common:permanentDataSetURI>http://lca.jrc.ec.europa.eu/lcainfohub/datasets/ilcd/flowproperties/Market_value_US_2000__bulk_prices_fdfecf14-ff8a-4e17-b2b2-f938c4b5cc27.xml</common:permanentDataSetURI>
      </publicationAndOwnership>
   </administrativeInformation>
</flowPropertyDataSet>